URI,name,nmbs_short_name,average_weekday_embarkments,average_saturday_embarkments,average_sunday_embarkments
http://irail.be/stations/NMBS/008895000,Aalst,AALST,5.827,2.271,1.942
http://irail.be/stations/NMBS/008895125,Aalst-Kerrebroek,AALST-KERREBROEK,20,,
http://irail.be/stations/NMBS/008891140,Aalter,AALTER,2.021,794,807
http://irail.be/stations/NMBS/008833209,Aarschot,AARSCHOT,5.240,2.269,2.038
http://irail.be/stations/NMBS/008892288,Aarsele,AARSELE,24,,
http://irail.be/stations/NMBS/008886546,Acren,ACREN,231,93,113
http://irail.be/stations/NMBS/008874583,Aiseau,AISEAU,157,31,41
http://irail.be/stations/NMBS/008831039,Alken,ALKEN,609,231,222
http://irail.be/stations/NMBS/008843331,Amay,AMAY,314,86,67
http://irail.be/stations/NMBS/008843323,Ampsin,AMPSIN,211,55,47
http://irail.be/stations/NMBS/008863404,Andenne,ANDENNE,1.651,305,333
http://irail.be/stations/NMBS/008811940,Anderlecht,ANDERLECHT,699,205,164
http://irail.be/stations/NMBS/008842002,Angleur,ANGLEUR,878,163,181
http://irail.be/stations/NMBS/008841202,Ans,ANS,1.639,169,130
http://irail.be/stations/NMBS/008863818,Anseremme,ANSEREMME,172,54,49
http://irail.be/stations/NMBS/008885522,Antoing,ANTOING,387,174,183
http://irail.be/stations/NMBS/008821121,Antwerpen-Berchem,ANTWERPEN-BERCHEM,14.747,11.372,10.689
http://irail.be/stations/NMBS/008821006,Antwerpen-Centraal,ANTWERPEN-CAAL,37.591,25.163,21.350
http://irail.be/stations/NMBS/008821063,Antwerpen-Luchtbal,ANTWERPEN-LUCHTBAL,532,127,117
http://irail.be/stations/NMBS/008821089,Antwerpen-Noorderdokken,ANTWERPEN-NOORDERDOKKEN,96,21,21
http://irail.be/stations/NMBS/008821196,Antwerpen-Zuid,ANTWERPEN-ZUID,3.338,658,808
http://irail.be/stations/NMBS/008892734,Anzegem,ANZEGEM,247,,
http://irail.be/stations/NMBS/008895745,Appelterre,APPELTERRE,310,57,64
http://irail.be/stations/NMBS/008814472,Arcaden/Arcades,ARCADES,92,,
http://irail.be/stations/NMBS/008811759,Archennes,ARCHENNES,157,62,53
http://irail.be/stations/NMBS/008866001,Arlon,ARLON,5.294,1.441,3.285
http://irail.be/stations/NMBS/008812070,Asse,ASSE,1.223,173,161
http://irail.be/stations/NMBS/008864931,Assesse,ASSESSE,222,42,37
http://irail.be/stations/NMBS/008886009,Ath,ATH,4.287,2.385,2.455
http://irail.be/stations/NMBS/008866605,Athus,ATHUS,970,282,351
http://irail.be/stations/NMBS/008866654,Aubange,AUBANGE,90,21,14
http://irail.be/stations/NMBS/008874716,Auvelais,AUVELAIS,562,261,220
http://irail.be/stations/NMBS/008864352,Aye,AYE,28,10,5
http://irail.be/stations/NMBS/008842754,Aywaille,AYWAILLE,370,85,147
http://irail.be/stations/NMBS/008822160,Baasrode-Zuid,BAASRODE-ZUID,195,,
http://irail.be/stations/NMBS/008895257,Balegem-Dorp,BALEGEM-DORP,273,80,54
http://irail.be/stations/NMBS/008895240,Balegem-Zuid,BALEGEM-ZUID,171,57,49
http://irail.be/stations/NMBS/008832045,Balen,BALEN,257,128,100
http://irail.be/stations/NMBS/008895463,Bambrugge,BAMBRUGGE,31,,
http://irail.be/stations/NMBS/008864451,Barvaux,BARVAUX,523,104,138
http://irail.be/stations/NMBS/008843430,Bas-Oha,BAS-OHA,66,3,13
http://irail.be/stations/NMBS/008811734,Basse-Wavre,BASSE-WAVRE,478,137,108
http://irail.be/stations/NMBS/008863867,Beauraing,BEAURAING,295,120,86
http://irail.be/stations/NMBS/008891124,Beernem,BEERNEM,647,137,166
http://irail.be/stations/NMBS/008814423,Beersel,BEERSEL,270,82,89
http://irail.be/stations/NMBS/008894151,Beervelde,BEERVELDE,547,112,130
http://irail.be/stations/NMBS/008821865,Begijnendijk,BEGIJNENDIJK,257,129,94
http://irail.be/stations/NMBS/008871183,Beignée,BEIGNEE,9,,
http://irail.be/stations/NMBS/008891157,Bellem,BELLEM,122,42,45
http://irail.be/stations/NMBS/008894433,Belsele,BELSELE,277,90,98
http://irail.be/stations/NMBS/008812211,Sint-Agatha-Berchem/Berchem-Sainte-Agathe,BERCHEM-ST-AG.-BERCHEM,1.012,281,262
http://irail.be/stations/NMBS/008832235,Beringen,BERINGEN,88,67,60
http://irail.be/stations/NMBS/008821816,Berlaar,BERLAAR,403,238,208
http://irail.be/stations/NMBS/008865300,Bertrix,BERTRIX,449,165,255
http://irail.be/stations/NMBS/008873320,Berzée,BERZEE,133,30,44
http://irail.be/stations/NMBS/008861424,Beuzet,BEUZET,173,43,25
http://irail.be/stations/NMBS/008894748,Beveren,BEVEREN,1.548,256,303
http://irail.be/stations/NMBS/008832227,Beverlo,BEVERLO,98,85,42
http://irail.be/stations/NMBS/008811718,Bierges-Walibi,BIERGES-WALIBI,187,929,687
http://irail.be/stations/NMBS/008841319,Bierset-Awans,BIERSET-AWANS,151,64,61
http://irail.be/stations/NMBS/008831138,Bilzen,BILZEN,680,216,313
http://irail.be/stations/NMBS/008882362,Binche,BINCHE,390,271,236
http://irail.be/stations/NMBS/008896388,Bissegem,BISSEGEM,290,191,223
http://irail.be/stations/NMBS/008891405,Blankenberge,BLANKENBERGE,1.899,1.704,2.063
http://irail.be/stations/NMBS/008861531,Blanmont,BLANMONT,219,63,39
http://irail.be/stations/NMBS/008884715,Blaton,BLATON,508,221,164
http://irail.be/stations/NMBS/008841434,Bleret,BLERET,61,24,22
http://irail.be/stations/NMBS/008812021,Bockstael,BOCKSTAEL,1.120,256,231
http://irail.be/stations/NMBS/008821634,Boechout,BOECHOUT,492,186,180
http://irail.be/stations/NMBS/008811437,Bosvoorde/Boitsfort,BOITSFORT/BOSVOORDE,1.077,261,208
http://irail.be/stations/NMBS/008831781,Bokrijk,BOKRIJK,247,103,183
http://irail.be/stations/NMBS/008864469,Bomal,BOMAL,201,153,100
http://irail.be/stations/NMBS/008821857,Booischot,BOOISCHOT,244,139,109
http://irail.be/stations/NMBS/008822814,Boom,BOOM,569,175,157
http://irail.be/stations/NMBS/008814456,Boondaal/Boondael,BOONDAEL/BOONDAAL,929,119,116
http://irail.be/stations/NMBS/008822475,Boortmeerbeek,BOORTMEERBEEK,614,189,218
http://irail.be/stations/NMBS/008811163,Bordet,BORDET,1.337,231,183
http://irail.be/stations/NMBS/008822772,Bornem,BORNEM,682,344,365
http://irail.be/stations/NMBS/008884319,Boussu,BOUSSU,175,97,102
http://irail.be/stations/NMBS/008821725,Bouwel,BOUWEL,418,257,275
http://irail.be/stations/NMBS/008881463,Bracquegnies,BRACQUEGNIES,127,47,33
http://irail.be/stations/NMBS/008814258,Braine-l'Alleud,BRAINE-l'ALLEUD,5.171,1.406,903
http://irail.be/stations/NMBS/008883006,Braine-le-Comte,BRAINE-LE-COMTE,5.625,2.144,1.696
http://irail.be/stations/NMBS/008843901,Bressoux,BRESSOUX,149,40,18
http://irail.be/stations/NMBS/008819406,Brussels Airport - Zaventem,BRU. AIRPORT - ZAVENTEM,9.944,8.131,7.654
http://irail.be/stations/NMBS/008813003,Brussel-Centraal/Bruxelles-Central,BRU.-CENT.,58.877,26.916,24.764
http://irail.be/stations/NMBS/008813037,Brussel-Kapellekerk/Bruxelles-Chapelle,BRU.-CHAP./KAP.,244,,
http://irail.be/stations/NMBS/008813045,Brussel-Congres/Bruxelles-Congrès,BRU.-CONG.,541,,
http://irail.be/stations/NMBS/008811304,Brussel-Luxemburg/Bruxelles-Luxembourg,BRU.-LUXEMBG,6.923,1.988,1.693
http://irail.be/stations/NMBS/008814001,Brussel-Zuid/Bruxelles-Midi,BRU.-MIDI/ZUID,58.344,33.469,32.344
http://irail.be/stations/NMBS/008812005,Brussel-Noord/Bruxelles-Nord,BRU.-NOORD/NORD,60.449,20.825,17.991
http://irail.be/stations/NMBS/008811916,Brussel-Schuman/Bruxelles-Schuman,BRU.-SCHUMAN,7.162,2.507,2.262
http://irail.be/stations/NMBS/008815040,Brussel-West/Bruxelles-Ouest,BRU.-WEST/OUEST,219,78,69
http://irail.be/stations/NMBS/008886066,Brugelette,BRUGELETTE,522,166,156
http://irail.be/stations/NMBS/008891009,Brugge,BRUGGE,15.310,12.340,11.868
http://irail.be/stations/NMBS/008891033,Brugge-Sint-Pieters,BRUGGE-SINT-PIETERS,104,62,77
http://irail.be/stations/NMBS/008811148,Buda,BUDA,158,,
http://irail.be/stations/NMBS/008822145,Buggenhout,BUGGENHOUT,572,178,195
http://irail.be/stations/NMBS/008814340,Buizingen,BUIZINGEN,694,242,124
http://irail.be/stations/NMBS/008895455,Burst,BURST,1.168,110,113
http://irail.be/stations/NMBS/008884889,Callenelle,CALLENELLE,28,,
http://irail.be/stations/NMBS/008886074,Cambron-Casteau,CAMBRON-CASTEAU,271,405,452
http://irail.be/stations/NMBS/008865565,Carlsbourg,CARLSBOURG,52,24,61
http://irail.be/stations/NMBS/008882248,Carnieres,CARNIERES,159,67,41
http://irail.be/stations/NMBS/008811817,Ceroux-Mousty,CEROUX-MOUSTY,267,46,34
http://irail.be/stations/NMBS/008861317,Chapelle-Dieu,CHAPELLE-DIEU,91,,
http://irail.be/stations/NMBS/008864824,Chapois,CHAPOIS,35,12,7
http://irail.be/stations/NMBS/008872009,Charleroi-Central,CHARLEROI-CENTRAL,11.030,4.840,4.072
http://irail.be/stations/NMBS/008872066,Charleroi-Ouest,CHARLEROI-OUEST,153,21,49
http://irail.be/stations/NMBS/008861523,Chastre,CHASTRE,316,114,65
http://irail.be/stations/NMBS/008863438,Château-de-Seilles,CHATEAU-DE-SEILLES,197,9,14
http://irail.be/stations/NMBS/008863438,Château-de-Seilles,CHATELET,674,404,247
http://irail.be/stations/NMBS/008842051,Chaudfontaine,CHAUDFONTAINE,88,33,21
http://irail.be/stations/NMBS/008842036,Chênée,CHENEE,102,39,34
http://irail.be/stations/NMBS/008864501,Ciney,CINEY,2.137,969,1.048
http://irail.be/stations/NMBS/008842838,Comblain-la-Tour,COMBLAIN-LA-TOUR,215,33,64
http://irail.be/stations/NMBS/008896412,Comines,COMINES/KOMEN,637,197,235
http://irail.be/stations/NMBS/008845229,Coo,COO,147,97,155
http://irail.be/stations/NMBS/008874054,Couillet,COUILLET,187,,
http://irail.be/stations/NMBS/008873379,Cour-sur-Heure,COUR-SUR-HEURE,52,10,14
http://irail.be/stations/NMBS/008871225,Courcelles-Motte,COURCELLES-MOTTE,285,59,53
http://irail.be/stations/NMBS/008864949,Courrière,COURRIERE,291,78,95
http://irail.be/stations/NMBS/008811825,Court-Saint-Étienne,COURT-SAINT-ETIENNE,506,67,65
http://irail.be/stations/NMBS/008875127,Couvin,COUVIN,267,101,158
http://irail.be/stations/NMBS/008863362,Dave-Saint-Martin,DAVE-SAINT-MARTIN,102,59,30
http://irail.be/stations/NMBS/008814175,De Hoek,DE HOEK,214,235,79
http://irail.be/stations/NMBS/008892338,De Panne,DE PANNE,566,674,887
http://irail.be/stations/NMBS/008892080,De Pinte,DE PINTE,1.685,473,473
http://irail.be/stations/NMBS/008892106,Deinze,DEINZE,2.006,1.088,1.106
http://irail.be/stations/NMBS/008811205,Delta,DELTA,330,,
http://irail.be/stations/NMBS/008895802,Denderleeuw,DENDERLEEUW,9.766,3.533,3.117
http://irail.be/stations/NMBS/008893401,Dendermonde,DENDERMONDE,4.873,1.353,1.371
http://irail.be/stations/NMBS/008811213,Diegem,DIEGEM,1.514,856,483
http://irail.be/stations/NMBS/008831112,Diepenbeek,DIEPENBEEK,509,105,137
http://irail.be/stations/NMBS/008831401,Diest,DIEST,2.995,678,682
http://irail.be/stations/NMBS/008892452,Diksmuide,DIKSMUIDE,686,257,466
http://irail.be/stations/NMBS/008812237,Dilbeek,DILBEEK,772,224,219
http://irail.be/stations/NMBS/008863503,Dinant,DINANT,1.286,768,823
http://irail.be/stations/NMBS/008844545,Dolhain-Gileppe,DOLHAIN-GILEPPE,103,33,30
http://irail.be/stations/NMBS/008892031,Drongen,DRONGEN,405,75,78
http://irail.be/stations/NMBS/008822210,Duffel,DUFFEL,829,583,427
http://irail.be/stations/NMBS/008891652,Duinbergen,DUINBERGEN,167,244,154
http://irail.be/stations/NMBS/007015440,Ebbsfleet International,ECAUSSINNES,726,386,277
http://irail.be/stations/NMBS/008895877,Ede,EDE,576,66,65
http://irail.be/stations/NMBS/008893708,Eeklo,EEKLO,881,378,398
http://irail.be/stations/NMBS/008895752,Eichem,EICHEM,187,56,48
http://irail.be/stations/NMBS/008892627,Eine,EINE,310,129,68
http://irail.be/stations/NMBS/008892650,Eke-Nazareth,EKE-NAZARETH,395,83,87
http://irail.be/stations/NMBS/008821071,Ekeren,EKEREN,985,221,235
http://irail.be/stations/NMBS/008883311,Enghien,ENGHIEN/EDINGEN,3.561,1.233,1.112
http://irail.be/stations/NMBS/008843240,Engis,ENGIS,252,59,48
http://irail.be/stations/NMBS/008822269,Eppegem,EPPEGEM,978,326,242
http://irail.be/stations/NMBS/008881158,Erbisœul,ERBISOEUL,139,88,73
http://irail.be/stations/NMBS/008895091,Erembodegem,EREMBODEGEM,1.165,423,375
http://irail.be/stations/NMBS/008861515,Ernage,ERNAGE,109,42,44
http://irail.be/stations/NMBS/008895471,Erpe-Mere,ERPE-MERE,48,,
http://irail.be/stations/NMBS/008811262,Erps-Kwerps,ERPS-KWERPS,339,116,89
http://irail.be/stations/NMBS/008871605,Erquelinnes,ERQUELINNES,161,43,39
http://irail.be/stations/NMBS/008871647,Erquelinnes-Village,ERQUELINNES-VILLAGE,59,17,15
http://irail.be/stations/NMBS/008842663,Esneux,ESNEUX,463,140,181
http://irail.be/stations/NMBS/008821402,Essen,ESSEN,1.161,405,355
http://irail.be/stations/NMBS/008812260,Essene-Lombeek,ESSENE-LOMBEEK,482,131,121
http://irail.be/stations/NMBS/008811411,Etterbeek,ETTERBEEK,6.658,894,698
http://irail.be/stations/NMBS/008844628,Eupen,EUPEN,554,292,259
http://irail.be/stations/NMBS/008811106,Evere,EVERE,482,81,87
http://irail.be/stations/NMBS/008893252,Evergem,EVERGEM,342,60,54
http://irail.be/stations/NMBS/008833449,Ezemaal,EZEMAAL,247,80,72
http://irail.be/stations/NMBS/008883238,Familleureux,FAMILLEUREUX,100,,
http://irail.be/stations/NMBS/008874567,Farciennes,FARCIENNES,251,66,63
http://irail.be/stations/NMBS/008872611,Faux,FAUX,150,33,30
http://irail.be/stations/NMBS/008841467,Fexhe-le-Haut-Clocher,FEXHE-LE-HT-CLOCHER,180,41,32
http://irail.be/stations/NMBS/008861127,Flawinne,FLAWINNE,130,48,50
http://irail.be/stations/NMBS/008843166,Flemalle-Grande,FLEMALLE-GRANDE,129,30,42
http://irail.be/stations/NMBS/008843208,Flemalle-Haute,FLEMALLE-HAUTE,1.687,403,260
http://irail.be/stations/NMBS/008872413,Fleurus,FLEURUS,466,212,204
http://irail.be/stations/NMBS/008861135,Floreffe,FLOREFFE,269,77,93
http://irail.be/stations/NMBS/008866845,Florenville,FLORENVILLE,158,30,60
http://irail.be/stations/NMBS/008811767,Florival,FLORIVAL,102,36,41
http://irail.be/stations/NMBS/008871688,Fontaine-Valmont,FONTAINE-VALMONT,83,31,27
http://irail.be/stations/NMBS/008871514,Forchies,FORCHIES,152,57,54
http://irail.be/stations/NMBS/008814118,Vorst-Oost/Forest-Est,FOREST-EST/VORST-OOST,951,309,91
http://irail.be/stations/NMBS/008814373,Vorst-Zuid/Forest-Midi,FOREST-MIDI/VORST-ZUID,568,366,168
http://irail.be/stations/NMBS/008864311,Forrières,FORRIERES,35,17,16
http://irail.be/stations/NMBS/008844255,Fraipont,FRAIPONT,101,35,29
http://irail.be/stations/NMBS/008881570,Frameries,FRAMERIES,273,161,139
http://irail.be/stations/NMBS/008844347,Franchimont,FRANCHIMONT,154,30,29
http://irail.be/stations/NMBS/008861143,Franière,FRANIERE,204,42,42
http://irail.be/stations/NMBS/008885068,Froyennes,FROYENNES,850,84,54
http://irail.be/stations/NMBS/008895620,Galmaarden,GALMAARDEN,516,172,141
http://irail.be/stations/NMBS/008811742,Gastuche,GASTUCHE,206,67,75
http://irail.be/stations/NMBS/008892643,Gavere-Asper,GAVERE-ASPER,486,130,88
http://irail.be/stations/NMBS/008865649,Gedinne,GEDINNE,197,53,123
http://irail.be/stations/NMBS/008832433,Geel,GEEL,1.484,482,451
http://irail.be/stations/NMBS/008861200,Gembloux,GEMBLOUX,5.247,2.164,1.920
http://irail.be/stations/NMBS/008863834,Gendron-Celles,GENDRON-CELLES,48,98,138
http://irail.be/stations/NMBS/008831765,Genk,GENK,1.350,953,1.163
http://irail.be/stations/NMBS/008881562,Genly,GENLY,114,42,32
http://irail.be/stations/NMBS/008893120,Gent-Dampoort,GENT-DAMPOORT,4.960,2.969,2.812
http://irail.be/stations/NMBS/008892007,Gent-Sint-Pieters,GENT-SINT-PIETERS,48.441,25.578,23.452
http://irail.be/stations/NMBS/008893179,Gentbrugge,GENTBRUGGE,313,209,165
http://irail.be/stations/NMBS/008811528,Genval,GENVAL,1.402,434,353
http://irail.be/stations/NMBS/008895505,Geraardsbergen,GERAARDSBERGEN,2.928,1.110,1.016
http://irail.be/stations/NMBS/008811403,Mouterij/Germoir,GERMOIR/MOUTERIJ,187,82,100
http://irail.be/stations/NMBS/008881125,Ghlin,GHLIN,80,,
http://irail.be/stations/NMBS/008841731,Glons,GLONS,174,87,71
http://irail.be/stations/NMBS/008871381,Godarville,GODARVILLE,112,31,26
http://irail.be/stations/NMBS/008863560,Godinne,GODINNE,495,201,215
http://irail.be/stations/NMBS/008893047,Gontrode,GONTRODE,105,48,37
http://irail.be/stations/NMBS/008845005,Gouvy,GOUVY,266,92,149
http://irail.be/stations/NMBS/008871373,Gouy-lez-Pieton,GOUY-LEZ-PIETON,107,50,21
http://irail.be/stations/NMBS/008865615,Graide,GRAIDE,82,33,51
http://irail.be/stations/NMBS/008811445,Groenendaal,GROENENDAAL,652,264,258
http://irail.be/stations/NMBS/008812229,Groot-Bijgaarden,GROOT-BIJGAARDEN,561,171,153
http://irail.be/stations/NMBS/008864337,Grupont,GRUPONT,68,41,30
http://irail.be/stations/NMBS/008822517,Haacht,HAACHT,636,213,233
http://irail.be/stations/NMBS/008895869,Haaltert,HAALTERT,727,142,129
http://irail.be/stations/NMBS/008866142,Habay,HABAY,125,29,39
http://irail.be/stations/NMBS/008884327,Hainin,HAININ,69,34,32
http://irail.be/stations/NMBS/008866530,Halanzy,HALANZY,104,21,22
http://irail.be/stations/NMBS/008814308,Halle,HALLE,7.592,3.078,2.624
http://irail.be/stations/NMBS/008873387,Ham-sur-Heure,HAM-SUR-HEURE,99,19,27
http://irail.be/stations/NMBS/008822533,Hambos,HAMBOS,37,,
http://irail.be/stations/NMBS/008842846,Hamoir,HAMOIR,265,64,78
http://irail.be/stations/NMBS/008832664,Hamont,HAMONT,128,106,178
http://irail.be/stations/NMBS/008891165,Hansbeke,HANSBEKE,336,113,92
http://irail.be/stations/NMBS/008884640,Harchies,HARCHIES,22,,
http://irail.be/stations/NMBS/008896115,Harelbeke,HARELBEKE,1.057,435,499
http://irail.be/stations/NMBS/008811155,Haren,HAREN,81,66,62
http://irail.be/stations/NMBS/008811130,Haren-Sud/Haren-Zuid,HAREN-ZUID/SUD,980,591,340
http://irail.be/stations/NMBS/008831005,Hasselt,HASSELT,7.396,4.738,4.955
http://irail.be/stations/NMBS/008843349,Haute-Flône,HAUTE-FLONE,139,32,23
http://irail.be/stations/NMBS/008864832,Haversin,HAVERSIN,96,23,24
http://irail.be/stations/NMBS/008881430,Havre,HAVRE,97,30,32
http://irail.be/stations/NMBS/008821519,Heide,HEIDE,996,246,265
http://irail.be/stations/NMBS/008891645,Heist,HEIST,387,336,305
http://irail.be/stations/NMBS/008821832,Heist-op-den-Berg,HEIST-OP-DEN-BERG,1.805,1.027,841
http://irail.be/stations/NMBS/008812153,Heizijde,HEIZIJDE,537,91,107
http://irail.be/stations/NMBS/008824224,Hemiksem,HEMIKSEM,344,156,136
,http://irail.be/stations/NMBS/008883022,HENNUYERES,504,243,127
http://irail.be/stations/NMBS/008811288,Herent,HERENT,591,255,135
http://irail.be/stations/NMBS/008821717,Herentals,HERENTALS,2.789,2.154,2.131
http://irail.be/stations/NMBS/008844644,Hergenrath,HERGENRATH,36,37,26
http://irail.be/stations/NMBS/008895646,Herne,HERNE,526,147,122
http://irail.be/stations/NMBS/008885753,Herseaux,HERSEAUX,550,181,225
http://irail.be/stations/NMBS/008841608,Herstal,HERSTAL,739,382,282
http://irail.be/stations/NMBS/008895430,Herzele,HERZELE,473,94,94
http://irail.be/stations/NMBS/008832243,Heusden,HEUSDEN,104,50,52
http://irail.be/stations/NMBS/008822459,Hever,HEVER,128,114,90
http://irail.be/stations/NMBS/008833126,Heverlee,HEVERLEE,775,273,246
http://irail.be/stations/NMBS/008895422,Hillegem,HILLEGEM,168,35,34
http://irail.be/stations/NMBS/008824158,Hoboken-Polder,HOBOKEN-POLDER,387,155,128
http://irail.be/stations/NMBS/008811460,Hoeilaart,HOEILAART,299,172,112
http://irail.be/stations/NMBS/008822277,Hofstade,HOFSTADE,114,,
http://irail.be/stations/NMBS/008814159,Holleken,HOLLEKEN,191,278,69
http://irail.be/stations/NMBS/008842655,Hony,HONY,103,27,37
http://irail.be/stations/NMBS/008886553,Houraing,HOURAING,176,84,54
http://irail.be/stations/NMBS/008871829,Hourpes,HOURPES,15,,
http://irail.be/stations/NMBS/008863842,Houyet,HOUYET,114,42,53
http://irail.be/stations/NMBS/008821337,Hove,HOVE,540,402,311
http://irail.be/stations/NMBS/008814415,Huizingen,HUIZINGEN,273,62,54
http://irail.be/stations/NMBS/008843307,Huy,HUY,2.182,695,613
http://irail.be/stations/NMBS/008895844,Iddergem,IDDERGEM,298,63,67
http://irail.be/stations/NMBS/008895729,Idegem,IDEGEM,234,57,54
http://irail.be/stations/NMBS/008896503,Ieper,IEPER,1.175,738,840
http://irail.be/stations/NMBS/008896925,Ingelmunster,INGELMUNSTER,658,247,224
http://irail.be/stations/NMBS/008896909,Izegem,IZEGEM,1.274,376,401
http://irail.be/stations/NMBS/008863115,Jambes,JAMBES,1.545,403,384
http://irail.be/stations/NMBS/008863354,Jambes-Est,JAMBES-EST,238,63,51
http://irail.be/stations/NMBS/008871175,Jamioulx,JAMIOULX,46,8,13
http://irail.be/stations/NMBS/008884566,Jemappes,JEMAPPES,502,290,235
http://irail.be/stations/NMBS/008843158,Jemeppe-sur-Meuse,JEMEPPE-SUR-MEUSE,211,59,53
http://irail.be/stations/NMBS/008874724,Jemeppe-sur-Sambre,JEMEPPE-SUR-SAMBRE,449,268,212
http://irail.be/stations/NMBS/008812047,Jette,JETTE,3.033,1.195,1.023
http://irail.be/stations/NMBS/008881166,Jurbeke,JURBISE,1.675,814,666
http://irail.be/stations/NMBS/008844321,Juslenville,JUSLENVILLE,82,42,36
http://irail.be/stations/NMBS/008821444,Kalmthout,KALMTHOUT,766,204,201
http://irail.be/stations/NMBS/008822053,Kapelle-op-den-Bos,KAPELLE-OP-DEN-BOS,584,202,184
http://irail.be/stations/NMBS/008821535,Kapellen,KAPELLEN,1.202,581,551
http://irail.be/stations/NMBS/008821659,Kessel,KESSEL,449,256,249
http://irail.be/stations/NMBS/008832375,Kiewit,KIEWIT,620,137,225
http://irail.be/stations/NMBS/008821451,Kijkuit,KIJKUIT,163,58,49
http://irail.be/stations/NMBS/008891660,Knokke,KNOKKE,768,1.751,1.035
http://irail.be/stations/NMBS/008892320,Koksijde,KOKSIJDE,263,234,379
http://irail.be/stations/NMBS/008821311,Kontich-Lint,KONTICH-LINT,931,598,424
http://irail.be/stations/NMBS/008892403,Kortemark,KORTEMARK,435,249,389
http://irail.be/stations/NMBS/008811254,Kortenberg,KORTENBERG,819,288,163
http://irail.be/stations/NMBS/008896008,Kortrijk,KORTRIJK,8.127,5.631,5.605
http://irail.be/stations/NMBS/008893567,Kwatrecht,KWATRECHT,180,53,49
http://irail.be/stations/NMBS/008811510,La Hulpe,LA HULPE,1.351,429,432
http://irail.be/stations/NMBS/008882107,La Louvière-Centre,LA LOUVIERE-CENTRE,1.338,1.169,998
http://irail.be/stations/NMBS/008882206,La Louvière-Sud,LA LOUVIERE-SUD,3.029,2.438,2.107
http://irail.be/stations/NMBS/008872587,La Roche (Brabant),LA ROCHE,211,76,61
http://irail.be/stations/NMBS/008871670,Labuissière,LABUISSIERE,79,16,13
http://irail.be/stations/NMBS/008892056,Landegem,LANDEGEM,638,144,124
http://irail.be/stations/NMBS/008871837,Landelies,LANDELIES,78,8,12
http://irail.be/stations/NMBS/008833605,Landen,LANDEN,3.007,1.084,1.093
http://irail.be/stations/NMBS/008893054,Landskouter,LANDSKOUTER,73,25,25
http://irail.be/stations/NMBS/008833258,Langdorp,LANGDORP,174,39,51
http://irail.be/stations/NMBS/008874559,Le Campinaire,LE CAMPINAIRE,146,,
http://irail.be/stations/NMBS/008812161,Lebbeke,LEBBEKE,587,126,140
http://irail.be/stations/NMBS/008895067,Lede,LEDE,1.540,575,513
http://irail.be/stations/NMBS/008864816,Leignon,LEIGNON,37,15,13
http://irail.be/stations/NMBS/008843224,Leman,LEMAN,66,,
http://irail.be/stations/NMBS/008814332,Lembeek,LEMBEEK,1.100,423,216
http://irail.be/stations/NMBS/008881190,Lens,LENS,268,141,107
http://irail.be/stations/NMBS/008832003,Leopoldsburg,LEOPOLDSBURG,374,243,125
http://irail.be/stations/NMBS/008886504,Lessen,LESSINES,681,345,265
http://irail.be/stations/NMBS/008833001,Leuven,LEUVEN,31.461,16.625,14.050
http://irail.be/stations/NMBS/008886348,Leuze,LEUZE,1.568,768,663
http://irail.be/stations/NMBS/008882339,Leval,LEVAL,134,74,70
http://irail.be/stations/NMBS/008865003,Libramont,LIBRAMONT,2.430,1.230,2.033
http://irail.be/stations/NMBS/008892205,Lichtervelde,LICHTERVELDE,3.127,1.773,2.047
http://irail.be/stations/NMBS/008895836,Liedekerke,LIEDEKERKE,2.053,1.153,1.035
http://irail.be/stations/NMBS/008841558,Liège-Carré,LIEGE-CARRE,1.911,516,359
http://irail.be/stations/NMBS/008841558,Liège-Carré,LIEGE-GUILLEMINS,21.313,10.647,11.624
http://irail.be/stations/NMBS/008841004,Liège-Guillemins,LIEGE-SAINT-LAMBERT,2.999,1.150,859
http://irail.be/stations/NMBS/008821600,Lier,LIER,5.191,2.658,2.579
http://irail.be/stations/NMBS/008895570,Lierde,LIERDE,505,129,89
http://irail.be/stations/NMBS/008841673,Liers,LIERS,493,224,212
http://irail.be/stations/NMBS/008872520,Ligny,LIGNY,209,76,81
http://irail.be/stations/NMBS/008814241,Lillois,LILLOIS,684,177,91
http://irail.be/stations/NMBS/008811635,Limal,LIMAL,378,179,141
http://irail.be/stations/NMBS/008814142,Linkebeek,LINKEBEEK,1.187,369,171
http://irail.be/stations/NMBS/008891629,Lissewege,LISSEWEGE,166,65,69
http://irail.be/stations/NMBS/008871712,Lobbes,LOBBES,152,44,23
http://irail.be/stations/NMBS/008872306,Lodelinsart,LODELINSART,177,36,52
http://irail.be/stations/NMBS/008894201,Lokeren,LOKEREN,3.897,2.200,2.167
http://irail.be/stations/NMBS/008832565,Lommel,LOMMEL,422,181,277
http://irail.be/stations/NMBS/008822111,Londerzeel,LONDERZEEL,1.099,215,254
http://irail.be/stations/NMBS/007054650,London Waterloo,LONZEE,212,59,21
http://irail.be/stations/NMBS/008814357,Lot,LOT,751,375,181
http://irail.be/stations/NMBS/008811676,Louvain-la-Neuve,LOUVAIN-LA-NEUVE,4.899,2.169,1.048
http://irail.be/stations/NMBS/008863156,Lustin,LUSTIN,419,194,210
http://irail.be/stations/NMBS/008871308,Luttre,LUTTRE,1.992,658,547
http://irail.be/stations/NMBS/008886041,Maffle,MAFFLE,161,100,72
http://irail.be/stations/NMBS/008822137,Malderen,MALDEREN,359,115,121
http://irail.be/stations/NMBS/008882701,Manage,MANAGE,258,78,88
http://irail.be/stations/NMBS/008866175,Marbehan,MARBEHAN,735,342,837
http://irail.be/stations/NMBS/008864410,Marche-en-Famenne,MARCHE-EN-FAMENNE,441,92,145
http://irail.be/stations/NMBS/008863461,Marche-les-Dames,MARCHE-LES-DAMES,91,2,5
http://irail.be/stations/NMBS/008883220,Marche-lez-Écaussinnes,MARCHE-LEZ-ECAUSSINNES,170,,
http://irail.be/stations/NMBS/008871100,Marchienne-au-Pont,MARCHIENNE-AU-PONT,1.621,762,717
http://irail.be/stations/NMBS/008871852,Marchienne-Zone,MARCHIENNE-ZONE,41,6,13
http://irail.be/stations/NMBS/008891132,Maria-Aalter,MARIA-AALTER,201,49,46
http://irail.be/stations/NMBS/008875002,Mariembourg,MARIEMBOURG,159,63,94
http://irail.be/stations/NMBS/008864345,Marloie,MARLOIE,1.564,876,1.824
http://irail.be/stations/NMBS/008881174,Masnuy-Saint-Pierre,MASNUY-SAINT-PIERRE,24,,
http://irail.be/stations/NMBS/008885530,Maubray,MAUBRAY,22,,
http://irail.be/stations/NMBS/008861333,Mazy,MAZY,26,,
http://irail.be/stations/NMBS/008822004,Mechelen,MECHELEN,19.450,9.566,8.768
http://irail.be/stations/NMBS/008822343,Mechelen-Nekkerspoel,MECHELEN-NEKKERSPOEL,2.105,1.489,1.288
http://irail.be/stations/NMBS/008811171,Meiser,MEISER,684,101,77
http://irail.be/stations/NMBS/008821824,Melkouwen,MELKOUWEN,207,90,74
http://irail.be/stations/NMBS/008893039,Melle,MELLE,890,818,588
http://irail.be/stations/NMBS/008864436,Melreux-Hotton,MELREUX-HOTTON,362,101,170
http://irail.be/stations/NMBS/008894755,Melsele,MELSELE,299,62,114
http://irail.be/stations/NMBS/008896305,Menen,MENEN,1.030,496,538
http://irail.be/stations/NMBS/008812120,Merchtem,MERCHTEM,1.191,171,167
http://irail.be/stations/NMBS/008893013,Merelbeke,MERELBEKE,824,185,152
http://irail.be/stations/NMBS/008811197,Merode,MERODE,307,,
http://irail.be/stations/NMBS/008200110,Mersch,MERY,115,13,25
http://irail.be/stations/NMBS/008866662,Messancy,MESSANCY,135,32,28
http://irail.be/stations/NMBS/008886058,Mevergnies-Attre,MEVERGNIES-ATTRE,115,76,85
http://irail.be/stations/NMBS/008841665,Milmort,MILMORT,547,242,168
http://irail.be/stations/NMBS/008814431,Moensberg,MOENSBERG,247,227,117
http://irail.be/stations/NMBS/008832409,Mol,MOL,2.330,1.226,1.357
http://irail.be/stations/NMBS/008812112,Mollem,MOLLEM,347,69,46
http://irail.be/stations/NMBS/008841459,Momalle,MOMALLE,113,44,43
http://irail.be/stations/NMBS/008881000,Mons,MONS,9.399,5.160,4.559
http://irail.be/stations/NMBS/008861549,Mont-Saint-Guibert,MONT-SAINT-GUIBERT,441,145,95
http://irail.be/stations/NMBS/008893062,Moortsele,MOORTSELE,139,27,22
http://irail.be/stations/NMBS/008882230,Morlanwelz,MORLANWELZ,355,95,72
http://irail.be/stations/NMBS/008821147,Mortsel,MORTSEL,545,315,104
http://irail.be/stations/NMBS/008821154,Mortsel-Deurnesteenweg,MORTSEL-DEURNESTEENWEG,,,114
http://irail.be/stations/NMBS/008821246,Mortsel-Liersesteenweg,MORTSEL-LIERSESTEENWEG,205,145,1
http://irail.be/stations/NMBS/008821238,Mortsel-Oude God,MORTSEL-OUDE-GOD,764,617,646
http://irail.be/stations/NMBS/008885704,Mouscron,MOUSCRON/MOESKROEN,1.975,1.360,1.343
http://irail.be/stations/NMBS/008861150,Moustier,MOUSTIER,278,91,71
http://irail.be/stations/NMBS/008822426,Muizen,MUIZEN,253,106,131
http://irail.be/stations/NMBS/008895232,Munkzwalm,MUNKZWALM,283,79,74
http://irail.be/stations/NMBS/008863453,Namêche,NAMECHE,146,5,10
http://irail.be/stations/NMBS/008863008,Namur,NAMUR,21.590,8.822,8.835
http://irail.be/stations/NMBS/008864964,Naninne,NANINNE,237,85,88
http://irail.be/stations/NMBS/008864915,Natoye,NATOYE,258,98,88
http://irail.be/stations/NMBS/008832615,Neerpelt,NEERPELT,386,159,231
http://irail.be/stations/NMBS/008833670,Neerwinden,NEERWINDEN,157,66,50
http://irail.be/stations/NMBS/008844230,Nessonvaux,NESSONVAUX,368,152,125
http://irail.be/stations/NMBS/008866258,Neufchâteau,NEUFCHATEAU,169,40,53
http://irail.be/stations/NMBS/008883121,Neufvilles,NEUFVILLES,59,,
http://irail.be/stations/NMBS/008824240,Niel,NIEL,394,157,140
http://irail.be/stations/NMBS/008894714,Nieuwkerken-Waas,NIEUWKERKEN-WAAS,172,86,148
http://irail.be/stations/NMBS/008821667,Nijlen,NIJLEN,607,407,312
http://irail.be/stations/NMBS/008881315,Nimy,NIMY,112,47,36
http://irail.be/stations/NMBS/008895760,Ninove,NINOVE,1.394,310,277
http://irail.be/stations/NMBS/008814209,Nivelles,NIVELLES,4.485,1.258,1.011
http://irail.be/stations/NMBS/008821105,Noorderkempen,NOORDERKEMPEN,1.026,665,795
http://irail.be/stations/NMBS/008811247,Nossegem,NOSSEGEM,571,335,196
http://irail.be/stations/NMBS/008871332,Obaix-Buzet,OBAIX-BUZET,246,,
http://irail.be/stations/NMBS/008881406,Obourg,OBOURG,71,,
http://irail.be/stations/NMBS/008895778,Okegem,OKEGEM,317,84,72
http://irail.be/stations/NMBS/008832458,Olen,OLEN,545,190,208
http://irail.be/stations/NMBS/008891702,Oostende,OOSTENDE,6.652,5.070,6.126
http://irail.be/stations/NMBS/008891116,Oostkamp,OOSTKAMP,175,74,67
http://irail.be/stations/NMBS/008812146,Opwijk,OPWIJK,1.100,248,252
http://irail.be/stations/NMBS/008811601,Ottignies,OTTIGNIES,21.977,8.530,8.941
http://irail.be/stations/NMBS/008833134,Oud-Heverlee,OUD-HEVERLEE,180,98,142
http://irail.be/stations/NMBS/008893518,Oudegem,OUDEGEM,296,,
http://irail.be/stations/NMBS/008892601,Oudenaarde,OUDENAARDE,3.342,1.130,847
http://irail.be/stations/NMBS/008843174,Ougrée,OUGREE,166,38,36
http://irail.be/stations/NMBS/008832573,Overpelt,OVERPELT,256,130,174
http://irail.be/stations/NMBS/008865540,Paliseul,PALISEUL,89,29,55
http://irail.be/stations/NMBS/008886561,Papegem,PAPIGNIES,129,113,74
http://irail.be/stations/NMBS/008727100,Paris Nord,PECROT,256,128,120
http://irail.be/stations/NMBS/008844206,Pepinster,PEPINSTER,1.113,358,282
http://irail.be/stations/NMBS/008844313,Pepinster-Cité,PEPINSTER-CITE,36,20,21
http://irail.be/stations/NMBS/008778400,Perpignan,PERUWELZ,683,276,227
http://irail.be/stations/NMBS/008873122,Philippeville,PHILIPPEVILLE,272,46,61
http://irail.be/stations/NMBS/008871415,Piéton,PIETON,138,42,51
http://irail.be/stations/NMBS/008865227,Poix-Saint-Hubert,POIX-SAINT-HUBERT,33,26,25
http://irail.be/stations/NMBS/008728683,Pont de Bois,PONT-A-CELLES,99,32,24
http://irail.be/stations/NMBS/008843141,Pont-de-Seraing,PONT-DE-SERAING,348,38,28
http://irail.be/stations/NMBS/008896735,Poperinge,POPERINGE,768,503,615
http://irail.be/stations/NMBS/008842689,Poulseur,POULSEUR,283,82,129
http://irail.be/stations/NMBS/008811544,Profondsart,PROFONDSART,248,109,68
http://irail.be/stations/NMBS/008873312,Pry,PRY,30,,
http://irail.be/stations/NMBS/008822715,Puurs,PUURS,1.489,845,746
http://irail.be/stations/NMBS/008884541,Quaregnon,QUAREGNON,400,209,190
http://irail.be/stations/NMBS/008881505,Quevy,QUEVY,234,135,134
http://irail.be/stations/NMBS/008884335,Quievrain,QUIEVRAIN,418,243,238
http://irail.be/stations/NMBS/008886587,Rebaix,REBAIX,127,55,47
http://irail.be/stations/NMBS/008841442,Remicourt,REMICOURT,171,55,50
http://irail.be/stations/NMBS/008861440,Rhisnes,RHISNES,279,101,66
http://irail.be/stations/NMBS/008842705,Rivage,RIVAGE,374,92,136
http://irail.be/stations/NMBS/008811536,Rixensart,RIXENSART,1.742,451,355
http://irail.be/stations/NMBS/008864006,Rochefort-Jemelle,ROCHEFORT-JEMELLE,729,419,595
http://irail.be/stations/NMBS/008896800,Roeselare,ROESELARE,2.846,1.084,1.091
http://irail.be/stations/NMBS/008861119,Ronet,RONET,140,63,73
http://irail.be/stations/NMBS/008892908,Ronse,RONSE/RENAIX,1.210,545,397
http://irail.be/stations/NMBS/008871217,Roux,ROUX,153,26,52
http://irail.be/stations/NMBS/008822848,Ruisbroek-Sauvegarde,RUISBR.-SAUVEGARDE,280,90,70
http://irail.be/stations/NMBS/008814365,Ruisbroek,RUISBROEK,1.019,482,300
http://irail.be/stations/NMBS/008864956,Sart-Bernard,SART-BERNARD,216,42,32
http://irail.be/stations/NMBS/008811007,Schaarbeek/Schaerbeek,SCHAARBEEK/SCHAERBEEK,3.292,1.781,1.117
http://irail.be/stations/NMBS/008893070,Scheldewindeke,SCHELDEWINDEKE,355,94,73
http://irail.be/stations/NMBS/008824232,Schelle,SCHELLE,312,129,118
http://irail.be/stations/NMBS/008893542,Schellebelle,SCHELLEBELLE,565,145,130
http://irail.be/stations/NMBS/008895711,Schendelbeke,SCHENDELBEKE,306,75,70
http://irail.be/stations/NMBS/008893526,Schoonaarde,SCHOONAARDE,351,106,128
http://irail.be/stations/NMBS/008831088,Schulen,SCHULEN,247,103,122
http://irail.be/stations/NMBS/008863446,Sclaigneaux,SCLAIGNEAUX,152,8,12
http://irail.be/stations/NMBS/008843133,Sclessin,SCLESSIN,84,,
http://irail.be/stations/NMBS/008843067,Seraing,SERAING,518,77,56
http://irail.be/stations/NMBS/008893583,Serskamp,SERSKAMP,242,91,76
http://irail.be/stations/NMBS/008883436,Silly,SILLY,939,254,270
http://irail.be/stations/NMBS/008812013,Simonis,SIMONIS,230,120,95
http://irail.be/stations/NMBS/008894425,Sinaai,SINAAI,306,105,123
http://irail.be/stations/NMBS/008893260,Sleidinge,SLEIDINGE,284,61,50
http://irail.be/stations/NMBS/008883113,Soignies,SOIGNIES,2.482,820,667
http://irail.be/stations/NMBS/008871662,Solre-sur-Sambre,SOLRE-SUR-SAMBRE,78,18,14
http://irail.be/stations/NMBS/008844404,Spa,SPA,321,199,272
http://irail.be/stations/NMBS/008844420,Spa-Géronstère,SPA-GERONSTERE,267,187,155
http://irail.be/stations/NMBS/008892692,Sint-Denijs-Boekel,ST-DENIJS-BOEKEL,136,,
http://irail.be/stations/NMBS/008861432,Saint-Denis-Bovesse,ST-DENIS-BOVESSE,212,62,44
http://irail.be/stations/NMBS/008814167,Sint-Genesius-Rode,ST-GEN-RODE/RHODE-ST-GEN,1.695,428,260
http://irail.be/stations/NMBS/008884004,Saint-Ghislain,ST-GHISLAIN,1.895,619,532
http://irail.be/stations/NMBS/008893443,Sint-Gillis-Dendermonde,ST-GILLIS,218,55,44
http://irail.be/stations/NMBS/008814449,Sint-Job,ST-JOB,664,129,114
http://irail.be/stations/NMBS/008833159,Sint-Joris-Weert,ST-JORIS-WEERT,436,218,224
http://irail.be/stations/NMBS/008822228,Sint-Katelijne-Waver,ST-KATELIJNE-WAVER,767,395,312
http://irail.be/stations/NMBS/008821543,Sint-Mariaburg,ST-MARIABURG,200,82,63
http://irail.be/stations/NMBS/008812245,Sint-Martens-Bodegem,ST-MARTENS-BODEGEM,502,147,122
http://irail.be/stations/NMBS/008894508,Sint-Niklaas,ST-NIKLAAS,7.995,4.057,4.226
http://irail.be/stations/NMBS/008831807,Sint-Truiden,ST-TRUIDEN,1.465,708,689
http://irail.be/stations/NMBS/008843406,Statte,STATTE,518,1.625,1.389
http://irail.be/stations/NMBS/008862018,Stockem,STOCKEM,60,27,31
http://irail.be/stations/NMBS/008842853,Sy,SY,91,52,67
http://irail.be/stations/NMBS/008874609,Tamines,TAMINES,1.698,519,352
http://irail.be/stations/NMBS/008894672,Temse,TEMSE,577,278,299
http://irail.be/stations/NMBS/008895448,Terhagen,TERHAGEN,290,50,45
http://irail.be/stations/NMBS/008812252,Ternat,TERNAT,865,328,291
http://irail.be/stations/NMBS/008833266,Testelt,TESTELT,234,73,67
http://irail.be/stations/NMBS/008844339,Theux,THEUX,96,52,44
http://irail.be/stations/NMBS/008881455,Thieu,THIEU,116,33,29
http://irail.be/stations/NMBS/008871811,Thuin,THUIN,271,76,77
http://irail.be/stations/NMBS/008884350,Thulin,THULIN,113,50,46
http://irail.be/stations/NMBS/008821964,Tielen,TIELEN,498,36,51
http://irail.be/stations/NMBS/008892254,Tielt,TIELT,803,302,363
http://irail.be/stations/NMBS/008833308,Tienen,TIENEN,4.056,1.171,1.151
http://irail.be/stations/NMBS/008842630,Tilff,TILFF,203,62,68
http://irail.be/stations/NMBS/008872553,Tilly,TILLY,232,59,54
http://irail.be/stations/NMBS/008895638,Tollembeek,TOLLEMBEEK,338,144,103
http://irail.be/stations/NMBS/008831310,Tongeren,TONGEREN,833,362,315
http://irail.be/stations/NMBS/008891314,Torhout,TORHOUT,1.681,575,592
http://irail.be/stations/NMBS/008775500,Toulon,TOUR ET TAXIS/THURN EN TAXIS,159,125,124
http://irail.be/stations/NMBS/008885001,Tournai,TOURNAI,6.428,2.073,2.447
http://irail.be/stations/NMBS/008845203,Trois-Ponts,TROIS-PONTS,246,258,198
http://irail.be/stations/NMBS/008844271,Trooz,TROOZ,162,53,35
http://irail.be/stations/NMBS/008883808,Tubize,TUBIZE,2.679,1.597,948
http://irail.be/stations/NMBS/008821907,Turnhout,TURNHOUT,1.556,141,178
http://irail.be/stations/NMBS/008814134,Ukkel-Kalevoet/Uccle-Calevoet,UCCLE/UKKEL-CALEVOET,978,336,119
http://irail.be/stations/NMBS/008814126,Ukkel-Stalle/Uccle-Stalle,UCCLE/UKKEL-STALLE,257,178,62
http://irail.be/stations/NMBS/008811270,Veltem,VELTEM,391,163,78
http://irail.be/stations/NMBS/008833050,Vertrijk,VERTRIJK,592,151,120
http://irail.be/stations/NMBS/008844008,Verviers-Central,VERVIERS-CENTRAL,4.795,3.226,3.095
http://irail.be/stations/NMBS/008844057,Verviers-Palais,VERVIERS-PALAIS,59,24,22
http://irail.be/stations/NMBS/008892304,Veurne,VEURNE,415,249,449
http://irail.be/stations/NMBS/008895612,Viane-Moerbeke,VIANE-MOERBEKE,477,116,100
http://irail.be/stations/NMBS/008896230,Vichte,VICHTE,229,,
http://irail.be/stations/NMBS/008845146,Vielsalm,VIELSALM,335,130,225
http://irail.be/stations/NMBS/008895489,Vijfhuizen,VIJFHUIZEN,32,,
http://irail.be/stations/NMBS/008884632,Ville-Pommerœul,VILLE-POMMEROEUL,27,,
http://irail.be/stations/NMBS/008872579,Villers-la-Ville,VILLERS-LA-VILLE,281,81,85
http://irail.be/stations/NMBS/008811189,Vilvoorde,VILVOORDE,5.945,3.094,2.525
http://irail.be/stations/NMBS/008866407,Virton,VIRTON,358,129,230
http://irail.be/stations/NMBS/008846201,Visé,VISE,746,257,198
http://irail.be/stations/NMBS/008849064,Vise-Frontiere,VIVIER D'OIE/DIESDELLE,454,82,89
http://irail.be/stations/NMBS/008866118,Viville,VIVILLE,80,38,53
http://irail.be/stations/NMBS/008841327,Voroux,VOROUX,104,20,18
http://irail.be/stations/NMBS/008893815,Waarschoot,WAARSCHOOT,313,61,33
http://irail.be/stations/NMBS/008873007,Walcourt,WALCOURT,257,144,194
http://irail.be/stations/NMBS/008896149,Waregem,WAREGEM,2.451,1.343,1.316
http://irail.be/stations/NMBS/008841400,Waremme,WAREMME,2.003,480,383
http://irail.be/stations/NMBS/008814266,Waterloo,WATERLOO,1.958,576,293
http://irail.be/stations/NMBS/008811429,Watermaal/Watermael,WATERMAEL/WATERMAAL,308,206,193
http://irail.be/stations/NMBS/008811726,Wavre,WAVRE,1.081,658,553
http://irail.be/stations/NMBS/008822251,Weerde,WEERDE,647,266,227
http://irail.be/stations/NMBS/008844503,Welkenraedt,WELKENRAEDT,1.971,1.126,1.145
http://irail.be/stations/NMBS/008895851,Welle,WELLE,467,82,71
http://irail.be/stations/NMBS/008896396,Wervik,WERVIK,760,350,420
http://irail.be/stations/NMBS/008822525,Wespelaar-Tildonk,WESPELAAR-TILDONK,497,125,143
http://irail.be/stations/NMBS/008893559,Wetteren,WETTEREN,2.712,808,666
http://irail.be/stations/NMBS/008896370,Wevelgem,WEVELGEM,533,380,432
http://irail.be/stations/NMBS/008833233,Wezemaal,WEZEMAAL,616,322,266
http://irail.be/stations/NMBS/008893534,Wichelen,WICHELEN,246,90,84
http://irail.be/stations/NMBS/008833175,Wijgmaal,WIJGMAAL,570,184,191
http://irail.be/stations/NMBS/008821436,Wildert,WILDERT,202,108,80
http://irail.be/stations/NMBS/008822608,Willebroek,WILLEBROEK,526,387,328
http://irail.be/stations/NMBS/008821709,Wolfstee,WOLFSTEE,62,,
http://irail.be/stations/NMBS/008893211,Wondelgem,WONDELGEM,222,59,20
http://irail.be/stations/NMBS/008847258,Y.renory,YVES-GOMEZEE,48,10,13
http://irail.be/stations/NMBS/008863545,Yvoir,YVOIR,658,366,426
http://irail.be/stations/NMBS/008895737,Zandbergen,ZANDBERGEN,246,46,55
http://irail.be/stations/NMBS/008811221,Zaventem,ZAVENTEM,1.677,907,585
http://irail.be/stations/NMBS/008891264,Zedelgem,ZEDELGEM,636,315,370
http://irail.be/stations/NMBS/008891553,Zeebrugge-Dorp,ZEEBRUGGE-DORP,353,,
http://irail.be/stations/NMBS/008891173,Zeebrugge-Strand,ZEEBRUGGE-STRAND,,153,136
http://irail.be/stations/NMBS/008894235,Zele,ZELE,808,299,234
http://irail.be/stations/NMBS/008812062,Zellik,ZELLIK,781,128,102
http://irail.be/stations/NMBS/008833274,Zichem,ZICHEM,260,96,94
http://irail.be/stations/NMBS/008892635,Zingem,ZINGEM,421,153,121
http://irail.be/stations/NMBS/008832250,Zolder,ZOLDER,93,66,61
http://irail.be/stations/NMBS/008832334,Zonhoven,ZONHOVEN,78,63,37
http://irail.be/stations/NMBS/008895208,Zottegem,ZOTTEGEM,4.360,1.109,934
http://irail.be/stations/NMBS/008894821,Zwijndrecht,ZWIJNDRECHT,401,,
http://irail.be/stations/NMBS/008861432,SaintDenisBovesse,,,,
http://irail.be/stations/NMBS/008884004,SaintGhislain,,,,
http://irail.be/stations/NMBS/008718213,SaintLouisHautRhin,,,,
http://irail.be/stations/NMBS/008775752,SaintRaphaëlValescure,,,,
http://irail.be/stations/NMBS/008864956,SartBernard,,,,
http://irail.be/stations/NMBS/008721222,Saverne,,,,
http://irail.be/stations/NMBS/008811007,Schaarbeek/Schaerbeek,Schaerbeek,Schaarbeek,,
http://irail.be/stations/NMBS/008893070,Scheldewindeke,,,,
http://irail.be/stations/NMBS/008824232,Schelle,,,,
http://irail.be/stations/NMBS/008893542,Schellebelle,,,,
http://irail.be/stations/NMBS/008895711,Schendelbeke,,,,
http://irail.be/stations/NMBS/008400561,Schiphol,,,,
http://irail.be/stations/NMBS/008893526,Schoonaarde,,,,
http://irail.be/stations/NMBS/008200716,Schouweiler,,,,
http://irail.be/stations/NMBS/008831088,Schulen,,,,
http://irail.be/stations/NMBS/008863446,Sclaigneaux,,,,
http://irail.be/stations/NMBS/008843133,Sclessin,,,,
http://irail.be/stations/NMBS/008721405,Selestat,,,,
http://irail.be/stations/NMBS/008843067,Seraing,,,,
http://irail.be/stations/NMBS/008893583,Serskamp,,,,
http://irail.be/stations/NMBS/008015588,Siegburg,,,,
http://irail.be/stations/NMBS/008883436,Silly,,Opzullik,,
http://irail.be/stations/NMBS/008812013,Simonis,,,,
http://irail.be/stations/NMBS/008894425,Sinaai,,,,
http://irail.be/stations/NMBS/008812211,SintAgathaBerchem/BerchemSainteAgathe,BerchemSainteAgathe,SintAgathaBerchem,,
http://irail.be/stations/NMBS/008892692,SintDenijsBoekel,,,,
http://irail.be/stations/NMBS/008814167,SintGenesiusRode,RhodeSaintGenèse,,RhodeSt.Genese/st.GenesiusRode,St.GenesiusRode/rhodeSt.Genese
http://irail.be/stations/NMBS/008893443,SintGillisDendermonde,SaintGilleslezTermonde,SintGillis,SintGillis,SintGillis
http://irail.be/stations/NMBS/008814449,SintJob,SaintJob,,SaintJob / SintJob,SintJob / SaintJob
http://irail.be/stations/NMBS/008833159,SintJorisWeert,,,,
http://irail.be/stations/NMBS/008822228,SintKatelijneWaver,WavreSainteCatherine,,,
http://irail.be/stations/NMBS/008821543,SintMariaburg,,,,
http://irail.be/stations/NMBS/008812245,SintMartensBodegem,BodeghemSaintMartin,,,
http://irail.be/stations/NMBS/008894508,SintNiklaas,SaintNicolas,,,
http://irail.be/stations/NMBS/008831807,SintTruiden,SaintTrond,,,
http://irail.be/stations/NMBS/008893260,Sleidinge,,,,
http://irail.be/stations/NMBS/008883113,Soignies,,Zinnik,,
http://irail.be/stations/NMBS/008871662,SolresurSambre,,,,
http://irail.be/stations/NMBS/008844404,Spa,,,,
http://irail.be/stations/NMBS/008844420,SpaGéronstère,,,,
http://irail.be/stations/NMBS/008843406,Statte,,,,
http://irail.be/stations/NMBS/008869054,SterpenichFrontiere,,,,
http://irail.be/stations/NMBS/008862018,Stockem,,,,
http://irail.be/stations/NMBS/008721202,Strasbourg,,Straatsburg,Straßburg,
http://irail.be/stations/NMBS/008842853,Sy,,,,
http://irail.be/stations/NMBS/008777320,Sète,,,,
http://irail.be/stations/NMBS/008874609,Tamines,,,,
http://irail.be/stations/NMBS/008894672,Temse,Tamise,,,
http://irail.be/stations/NMBS/008895448,Terhagen,,,,
http://irail.be/stations/NMBS/008812252,Ternat,,,,
http://irail.be/stations/NMBS/008833266,Testelt,,,,
http://irail.be/stations/NMBS/008844339,Theux,,,,
http://irail.be/stations/NMBS/008881455,Thieu,,,,
http://irail.be/stations/NMBS/008719100,Thionville,,,,
http://irail.be/stations/NMBS/008871811,Thuin,,,,
http://irail.be/stations/NMBS/008884350,Thulin,,,,
http://irail.be/stations/NMBS/008815016,Thurn en Taxis/Tour et Taxis,Tour et Taxis,Thurn en Taxis,Tour et Taxis,Thurn en Taxis
http://irail.be/stations/NMBS/008821964,Tielen,,,,
http://irail.be/stations/NMBS/008892254,Tielt,,,,
http://irail.be/stations/NMBS/008833308,Tienen,Tirlemont,,Thienen,
http://irail.be/stations/NMBS/008842630,Tilff,,,,
http://irail.be/stations/NMBS/008872553,Tilly,,,,
http://irail.be/stations/NMBS/008895638,Tollembeek,,,,
http://irail.be/stations/NMBS/008831310,Tongeren,Tongres,,Tongern,
http://irail.be/stations/NMBS/008891314,Torhout,,,,
http://irail.be/stations/NMBS/008775500,Toulon,,,,
http://irail.be/stations/NMBS/008728654,Tourcoing,,,,
http://irail.be/stations/NMBS/008885001,Tournai,,Doornik,,
http://irail.be/stations/NMBS/008845203,TroisPonts,,,,
http://irail.be/stations/NMBS/008200136,Troisvierges,,,,
http://irail.be/stations/NMBS/008844271,Trooz,,,,
http://irail.be/stations/NMBS/008883808,Tubize,,Tubeke,,
http://irail.be/stations/NMBS/008821907,Turnhout,,,,
http://irail.be/stations/NMBS/008814134,UkkelKalevoet/UccleCalevoet,UccleCalevoet,UkkelKalevoet,,
http://irail.be/stations/NMBS/008814126,UkkelStalle/UccleStalle,UccleStalle,UkkelStalle,,
http://irail.be/stations/NMBS/008400621,Utrecht Centraal,,,,
http://irail.be/stations/NMBS/008776302,Valence TGV,,,,
http://irail.be/stations/NMBS/008811270,Veltem,,,,
http://irail.be/stations/NMBS/008833050,Vertrijk,,,,
http://irail.be/stations/NMBS/008844008,VerviersCentral,,VerviersCentraal,,
http://irail.be/stations/NMBS/008844057,VerviersPalais,,VerviersPaleis,,
http://irail.be/stations/NMBS/008892304,Veurne,Furnes,,,
http://irail.be/stations/NMBS/008895612,VianeMoerbeke,,,,
http://irail.be/stations/NMBS/008896230,Vichte,,,,
http://irail.be/stations/NMBS/008845146,Vielsalm,,,,
http://irail.be/stations/NMBS/008895489,Vijfhuizen,,,,
http://irail.be/stations/NMBS/008884632,VillePommerœul,,,,
http://irail.be/stations/NMBS/008872579,VillerslaVille,,,,
http://irail.be/stations/NMBS/008811189,Vilvoorde,Vilvorde,,,
http://irail.be/stations/NMBS/008866407,Virton,,,,
http://irail.be/stations/NMBS/008849064,ViseFrontiere,,,,
http://irail.be/stations/NMBS/008846201,Visé,,Wezet,,
http://irail.be/stations/NMBS/008866118,Viville,,,,
http://irail.be/stations/NMBS/008841327,Voroux,,,,
http://irail.be/stations/NMBS/008814118,VorstOost/ForestEst,ForestEst,VorstOost,,
http://irail.be/stations/NMBS/008814373,VorstZuid/ForestMidi,ForestMidi,VorstZuid,,
http://irail.be/stations/NMBS/008893815,Waarschoot,,,,
http://irail.be/stations/NMBS/008873007,Walcourt,,,,
http://irail.be/stations/NMBS/008896149,Waregem,,,,
http://irail.be/stations/NMBS/008841400,Waremme,,Borgworm,,
http://irail.be/stations/NMBS/008814266,Waterloo,,,,
http://irail.be/stations/NMBS/008811429,Watermaal/Watermael,Watermael,Watermaal,,
http://irail.be/stations/NMBS/008811726,Wavre,,Waver,,
http://irail.be/stations/NMBS/008822251,Weerde,,,,
http://irail.be/stations/NMBS/008844503,Welkenraedt,,,,
http://irail.be/stations/NMBS/008895851,Welle,,,,
http://irail.be/stations/NMBS/008896396,Wervik,,,,
http://irail.be/stations/NMBS/008822525,WespelaarTildonk,,,,
http://irail.be/stations/NMBS/008893559,Wetteren,,,,
http://irail.be/stations/NMBS/008896370,Wevelgem,,,,
http://irail.be/stations/NMBS/008833233,Wezemaal,,,,
http://irail.be/stations/NMBS/008893534,Wichelen,,,,
http://irail.be/stations/NMBS/008101003,Wien Hbf,,,,Vienna Main Station
http://irail.be/stations/NMBS/008833175,Wijgmaal,,,,
http://irail.be/stations/NMBS/008821436,Wildert,,,,
http://irail.be/stations/NMBS/008822608,Willebroek,,,,
http://irail.be/stations/NMBS/008200132,Wilwerwiltz,,,,
http://irail.be/stations/NMBS/008821709,Wolfstee,,,,
http://irail.be/stations/NMBS/008893211,Wondelgem,,,,
http://irail.be/stations/NMBS/008847258,Y.renory,,,,
http://irail.be/stations/NMBS/008873239,YvesGomezée,,,,
http://irail.be/stations/NMBS/008863545,Yvoir,,,,
http://irail.be/stations/NMBS/008895737,Zandbergen,,,,
http://irail.be/stations/NMBS/008811221,Zaventem,,,,
http://irail.be/stations/NMBS/008891264,Zedelgem,,,,
http://irail.be/stations/NMBS/008891553,ZeebruggeDorp,,,,
http://irail.be/stations/NMBS/008891173,ZeebruggeStrand,,,,
http://irail.be/stations/NMBS/008894235,Zele,,,,
http://irail.be/stations/NMBS/008812062,Zellik,,,,
http://irail.be/stations/NMBS/008833274,Zichem,,,,
http://irail.be/stations/NMBS/008892635,Zingem,,,,
http://irail.be/stations/NMBS/008832250,Zolder,,,,
http://irail.be/stations/NMBS/008832334,Zonhoven,,,,
http://irail.be/stations/NMBS/008895208,Zottegem,,,,
http://irail.be/stations/NMBS/008891611,Zwankendamme,,,,
http://irail.be/stations/NMBS/008894821,Zwijndrecht,,,,
http://irail.be/stations/NMBS/000000252,ZwijndrechtDorp,,,,
http://irail.be/stations/NMBS/008883212,Écaussinnes,,,,
